{
  "ndcg": {
    "NDCG@1": 0.7253,
    "NDCG@3": 0.77337,
    "NDCG@5": 0.79277,
    "NDCG@10": 0.81286,
    "NDCG@100": 0.8359
  },
  "map": {
    "MAP@1": 0.62667,
    "MAP@3": 0.72981,
    "MAP@5": 0.74835,
    "MAP@10": 0.76142,
    "MAP@100": 0.77085
  },
  "recall": {
    "Recall@1": 0.62667,
    "Recall@3": 0.80015,
    "Recall@5": 0.85506,
    "Recall@10": 0.9144,
    "Recall@100": 0.99464
  },
  "precision": {
    "P@1": 0.7253,
    "P@3": 0.33773,
    "P@5": 0.22352,
    "P@10": 0.1245,
    "P@100": 0.01518
  }
}