{
  "ndcg": {
    "NDCG@1": 0.5923,
    "NDCG@3": 0.63579,
    "NDCG@5": 0.65754,
    "NDCG@10": 0.67889,
    "NDCG@100": 0.71144
  },
  "map": {
    "MAP@1": 0.51508,
    "MAP@3": 0.59704,
    "MAP@5": 0.61425,
    "MAP@10": 0.62585,
    "MAP@100": 0.63479
  },
  "recall": {
    "Recall@1": 0.51508,
    "Recall@3": 0.66448,
    "Recall@5": 0.72252,
    "Recall@10": 0.78652,
    "Recall@100": 0.92018
  },
  "precision": {
    "P@1": 0.5923,
    "P@3": 0.2741,
    "P@5": 0.1838,
    "P@10": 0.10304,
    "P@100": 0.0131
  }
}