{
  "ndcg": {
    "NDCG@1": 0.7904,
    "NDCG@3": 0.82451,
    "NDCG@5": 0.83684,
    "NDCG@10": 0.84653,
    "NDCG@100": 0.85132
  },
  "map": {
    "MAP@1": 0.68472,
    "MAP@3": 0.78632,
    "MAP@5": 0.80178,
    "MAP@10": 0.81063,
    "MAP@100": 0.81372
  },
  "recall": {
    "Recall@1": 0.68472,
    "Recall@3": 0.83865,
    "Recall@5": 0.87677,
    "Recall@10": 0.90688,
    "Recall@100": 0.92461
  },
  "precision": {
    "P@1": 0.7904,
    "P@3": 0.35933,
    "P@5": 0.23424,
    "P@10": 0.12634,
    "P@100": 0.01342
  }
}