{
  "ndcg": {
    "NDCG@1": 0.8004,
    "NDCG@3": 0.84445,
    "NDCG@5": 0.86132,
    "NDCG@10": 0.87457,
    "NDCG@100": 0.88743
  },
  "map": {
    "MAP@1": 0.69315,
    "MAP@3": 0.8046,
    "MAP@5": 0.82394,
    "MAP@10": 0.83549,
    "MAP@100": 0.84227
  },
  "recall": {
    "Recall@1": 0.69315,
    "Recall@3": 0.86424,
    "Recall@5": 0.9115,
    "Recall@10": 0.95028,
    "Recall@100": 0.9944
  },
  "precision": {
    "P@1": 0.8004,
    "P@3": 0.37123,
    "P@5": 0.24526,
    "P@10": 0.13419,
    "P@100": 0.01529
  }
}