{
  "ndcg": {
    "NDCG@1": 0.7959,
    "NDCG@3": 0.82847,
    "NDCG@5": 0.84034,
    "NDCG@10": 0.8481,
    "NDCG@100": 0.8519
  },
  "map": {
    "MAP@1": 0.68943,
    "MAP@3": 0.78991,
    "MAP@5": 0.80514,
    "MAP@10": 0.81239,
    "MAP@100": 0.81491
  },
  "recall": {
    "Recall@1": 0.68943,
    "Recall@3": 0.84245,
    "Recall@5": 0.87944,
    "Recall@10": 0.90527,
    "Recall@100": 0.92018
  },
  "precision": {
    "P@1": 0.7959,
    "P@3": 0.3599,
    "P@5": 0.23392,
    "P@10": 0.12457,
    "P@100": 0.0131
  }
}