{
  "ndcg": {
    "NDCG@1": 0.7208,
    "NDCG@3": 0.77766,
    "NDCG@5": 0.79609,
    "NDCG@10": 0.80883,
    "NDCG@100": 0.81793
  },
  "map": {
    "MAP@1": 0.63234,
    "MAP@3": 0.73772,
    "MAP@5": 0.75582,
    "MAP@10": 0.76523,
    "MAP@100": 0.76969
  },
  "recall": {
    "Recall@1": 0.63234,
    "Recall@3": 0.80749,
    "Recall@5": 0.85621,
    "Recall@10": 0.89351,
    "Recall@100": 0.92461
  },
  "precision": {
    "P@1": 0.7208,
    "P@3": 0.33863,
    "P@5": 0.22426,
    "P@10": 0.12198,
    "P@100": 0.01342
  }
}