{
  "ndcg": {
    "NDCG@1": 0.7246,
    "NDCG@3": 0.79014,
    "NDCG@5": 0.81274,
    "NDCG@10": 0.83176,
    "NDCG@100": 0.84884
  },
  "map": {
    "MAP@1": 0.63646,
    "MAP@3": 0.74863,
    "MAP@5": 0.76968,
    "MAP@10": 0.78293,
    "MAP@100": 0.79071
  },
  "recall": {
    "Recall@1": 0.63646,
    "Recall@3": 0.82567,
    "Recall@5": 0.88359,
    "Recall@10": 0.93718,
    "Recall@100": 0.99464
  },
  "precision": {
    "P@1": 0.7246,
    "P@3": 0.34647,
    "P@5": 0.2319,
    "P@10": 0.12925,
    "P@100": 0.01518
  }
}