{
  "ndcg": {
    "NDCG@1": 0.7238,
    "NDCG@3": 0.78798,
    "NDCG@5": 0.81179,
    "NDCG@10": 0.83067,
    "NDCG@100": 0.84801
  },
  "map": {
    "MAP@1": 0.63589,
    "MAP@3": 0.7469,
    "MAP@5": 0.76869,
    "MAP@10": 0.78186,
    "MAP@100": 0.78975
  },
  "recall": {
    "Recall@1": 0.63589,
    "Recall@3": 0.82235,
    "Recall@5": 0.88297,
    "Recall@10": 0.93631,
    "Recall@100": 0.9944
  },
  "precision": {
    "P@1": 0.7238,
    "P@3": 0.34517,
    "P@5": 0.23172,
    "P@10": 0.12911,
    "P@100": 0.01529
  }
}