{
  "ndcg": {
    "NDCG@1": 0.5842,
    "NDCG@3": 0.62834,
    "NDCG@5": 0.64935,
    "NDCG@10": 0.67163,
    "NDCG@100": 0.70716
  },
  "map": {
    "MAP@1": 0.50891,
    "MAP@3": 0.59098,
    "MAP@5": 0.60813,
    "MAP@10": 0.62027,
    "MAP@100": 0.63013
  },
  "recall": {
    "Recall@1": 0.50891,
    "Recall@3": 0.65655,
    "Recall@5": 0.71226,
    "Recall@10": 0.77881,
    "Recall@100": 0.92461
  },
  "precision": {
    "P@1": 0.5842,
    "P@3": 0.27237,
    "P@5": 0.18296,
    "P@10": 0.10326,
    "P@100": 0.01342
  }
}