{
  "ndcg": {
    "NDCG@1": 0.8037,
    "NDCG@3": 0.84459,
    "NDCG@5": 0.86185,
    "NDCG@10": 0.87548,
    "NDCG@100": 0.88839
  },
  "map": {
    "MAP@1": 0.69738,
    "MAP@3": 0.8053,
    "MAP@5": 0.82486,
    "MAP@10": 0.83633,
    "MAP@100": 0.84304
  },
  "recall": {
    "Recall@1": 0.69738,
    "Recall@3": 0.86215,
    "Recall@5": 0.9104,
    "Recall@10": 0.95029,
    "Recall@100": 0.9944
  },
  "precision": {
    "P@1": 0.8037,
    "P@3": 0.36953,
    "P@5": 0.24402,
    "P@10": 0.13374,
    "P@100": 0.01529
  }
}