{
  "ndcg": {
    "NDCG@1": 0.735,
    "NDCG@3": 0.78675,
    "NDCG@5": 0.80411,
    "NDCG@10": 0.81523,
    "NDCG@100": 0.82238
  },
  "map": {
    "MAP@1": 0.64392,
    "MAP@3": 0.74693,
    "MAP@5": 0.76421,
    "MAP@10": 0.77262,
    "MAP@100": 0.77614
  },
  "recall": {
    "Recall@1": 0.64392,
    "Recall@3": 0.814,
    "Recall@5": 0.86103,
    "Recall@10": 0.89442,
    "Recall@100": 0.92018
  },
  "precision": {
    "P@1": 0.735,
    "P@3": 0.34157,
    "P@5": 0.22492,
    "P@10": 0.12135,
    "P@100": 0.0131
  }
}