{
  "ndcg": {
    "NDCG@1": 0.8006,
    "NDCG@3": 0.84465,
    "NDCG@5": 0.86142,
    "NDCG@10": 0.87496,
    "NDCG@100": 0.88761
  },
  "map": {
    "MAP@1": 0.69328,
    "MAP@3": 0.8048,
    "MAP@5": 0.82407,
    "MAP@10": 0.83575,
    "MAP@100": 0.84245
  },
  "recall": {
    "Recall@1": 0.69328,
    "Recall@3": 0.86448,
    "Recall@5": 0.91145,
    "Recall@10": 0.95108,
    "Recall@100": 0.99464
  },
  "precision": {
    "P@1": 0.8006,
    "P@3": 0.37133,
    "P@5": 0.24528,
    "P@10": 0.13431,
    "P@100": 0.01518
  }
}