{
  "ndcg": {
    "NDCG@1": 0.15576,
    "NDCG@3": 0.25302,
    "NDCG@5": 0.29905,
    "NDCG@10": 0.34403,
    "NDCG@100": 0.38954
  },
  "map": {
    "MAP@1": 0.15576,
    "MAP@3": 0.2289,
    "MAP@5": 0.25447,
    "MAP@10": 0.27297,
    "MAP@100": 0.28253
  },
  "recall": {
    "Recall@1": 0.15576,
    "Recall@3": 0.3229,
    "Recall@5": 0.43457,
    "Recall@10": 0.57397,
    "Recall@100": 0.78521
  },
  "precision": {
    "P@1": 0.15576,
    "P@3": 0.10763,
    "P@5": 0.08691,
    "P@10": 0.0574,
    "P@100": 0.00785
  }
}