{
  "ndcg": {
    "NDCG@1": 0.20768,
    "NDCG@3": 0.3289,
    "NDCG@5": 0.38415,
    "NDCG@10": 0.438,
    "NDCG@100": 0.49601
  },
  "map": {
    "MAP@1": 0.20768,
    "MAP@3": 0.2986,
    "MAP@5": 0.32918,
    "MAP@10": 0.35143,
    "MAP@100": 0.36512
  },
  "recall": {
    "Recall@1": 0.20768,
    "Recall@3": 0.41679,
    "Recall@5": 0.55121,
    "Recall@10": 0.71764,
    "Recall@100": 0.97013
  },
  "precision": {
    "P@1": 0.20768,
    "P@3": 0.13893,
    "P@5": 0.11024,
    "P@10": 0.07176,
    "P@100": 0.0097
  }
}