{
  "ndcg": {
    "NDCG@1": 0.20128,
    "NDCG@3": 0.31306,
    "NDCG@5": 0.36261,
    "NDCG@10": 0.41993,
    "NDCG@100": 0.48178
  },
  "map": {
    "MAP@1": 0.20128,
    "MAP@3": 0.2845,
    "MAP@5": 0.31202,
    "MAP@10": 0.33569,
    "MAP@100": 0.34943
  },
  "recall": {
    "Recall@1": 0.20128,
    "Recall@3": 0.39616,
    "Recall@5": 0.51636,
    "Recall@10": 0.69346,
    "Recall@100": 0.97013
  },
  "precision": {
    "P@1": 0.20128,
    "P@3": 0.13205,
    "P@5": 0.10327,
    "P@10": 0.06935,
    "P@100": 0.0097
  }
}