{
  "ndcg": {
    "NDCG@1": 0.19986,
    "NDCG@3": 0.31298,
    "NDCG@5": 0.35997,
    "NDCG@10": 0.41746,
    "NDCG@100": 0.48199
  },
  "map": {
    "MAP@1": 0.19986,
    "MAP@3": 0.28414,
    "MAP@5": 0.31028,
    "MAP@10": 0.334,
    "MAP@100": 0.34841
  },
  "recall": {
    "Recall@1": 0.19986,
    "Recall@3": 0.39687,
    "Recall@5": 0.51067,
    "Recall@10": 0.68848,
    "Recall@100": 0.97653
  },
  "precision": {
    "P@1": 0.19986,
    "P@3": 0.13229,
    "P@5": 0.10213,
    "P@10": 0.06885,
    "P@100": 0.00977
  }
}