{
  "ndcg": {
    "NDCG@1": 0.1899,
    "NDCG@3": 0.29811,
    "NDCG@5": 0.34215,
    "NDCG@10": 0.38777,
    "NDCG@100": 0.42525
  },
  "map": {
    "MAP@1": 0.1899,
    "MAP@3": 0.27051,
    "MAP@5": 0.29501,
    "MAP@10": 0.31388,
    "MAP@100": 0.32304
  },
  "recall": {
    "Recall@1": 0.1899,
    "Recall@3": 0.37838,
    "Recall@5": 0.48506,
    "Recall@10": 0.62589,
    "Recall@100": 0.78521
  },
  "precision": {
    "P@1": 0.1899,
    "P@3": 0.12613,
    "P@5": 0.09701,
    "P@10": 0.06259,
    "P@100": 0.00785
  }
}