{
  "ndcg": {
    "NDCG@1": 0.23186,
    "NDCG@3": 0.35849,
    "NDCG@5": 0.40312,
    "NDCG@10": 0.46692,
    "NDCG@100": 0.51931
  },
  "map": {
    "MAP@1": 0.23186,
    "MAP@3": 0.32622,
    "MAP@5": 0.35104,
    "MAP@10": 0.37784,
    "MAP@100": 0.39081
  },
  "recall": {
    "Recall@1": 0.23186,
    "Recall@3": 0.45235,
    "Recall@5": 0.56046,
    "Recall@10": 0.75533,
    "Recall@100": 0.97653
  },
  "precision": {
    "P@1": 0.23186,
    "P@3": 0.15078,
    "P@5": 0.11209,
    "P@10": 0.07553,
    "P@100": 0.00977
  }
}