{
  "ndcg": {
    "NDCG@1": 0.23613,
    "NDCG@3": 0.36669,
    "NDCG@5": 0.41086,
    "NDCG@10": 0.47542,
    "NDCG@100": 0.52383
  },
  "map": {
    "MAP@1": 0.23613,
    "MAP@3": 0.33333,
    "MAP@5": 0.3578,
    "MAP@10": 0.38495,
    "MAP@100": 0.39717
  },
  "recall": {
    "Recall@1": 0.23613,
    "Recall@3": 0.46373,
    "Recall@5": 0.57112,
    "Recall@10": 0.76814,
    "Recall@100": 0.97013
  },
  "precision": {
    "P@1": 0.23613,
    "P@3": 0.15458,
    "P@5": 0.11422,
    "P@10": 0.07681,
    "P@100": 0.0097
  }
}