{
  "ndcg": {
    "NDCG@1": 0.21835,
    "NDCG@3": 0.34154,
    "NDCG@5": 0.3831,
    "NDCG@10": 0.43222,
    "NDCG@100": 0.49774
  },
  "map": {
    "MAP@1": 0.21835,
    "MAP@3": 0.31069,
    "MAP@5": 0.33374,
    "MAP@10": 0.35421,
    "MAP@100": 0.36865
  },
  "recall": {
    "Recall@1": 0.21835,
    "Recall@3": 0.43101,
    "Recall@5": 0.53201,
    "Recall@10": 0.68279,
    "Recall@100": 0.97653
  },
  "precision": {
    "P@1": 0.21835,
    "P@3": 0.14367,
    "P@5": 0.1064,
    "P@10": 0.06828,
    "P@100": 0.00977
  }
}