{
  "ndcg": {
    "NDCG@1": 0.21977,
    "NDCG@3": 0.34042,
    "NDCG@5": 0.38253,
    "NDCG@10": 0.42933,
    "NDCG@100": 0.45682
  },
  "map": {
    "MAP@1": 0.21977,
    "MAP@3": 0.30974,
    "MAP@5": 0.33307,
    "MAP@10": 0.35285,
    "MAP@100": 0.3602
  },
  "recall": {
    "Recall@1": 0.21977,
    "Recall@3": 0.42959,
    "Recall@5": 0.53201,
    "Recall@10": 0.67425,
    "Recall@100": 0.78521
  },
  "precision": {
    "P@1": 0.21977,
    "P@3": 0.1432,
    "P@5": 0.1064,
    "P@10": 0.06743,
    "P@100": 0.00785
  }
}