{
  "ndcg": {
    "NDCG@1": 0.20341,
    "NDCG@3": 0.31536,
    "NDCG@5": 0.36225,
    "NDCG@10": 0.41903,
    "NDCG@100": 0.48356
  },
  "map": {
    "MAP@1": 0.20341,
    "MAP@3": 0.28663,
    "MAP@5": 0.31266,
    "MAP@10": 0.33607,
    "MAP@100": 0.35046
  },
  "recall": {
    "Recall@1": 0.20341,
    "Recall@3": 0.399,
    "Recall@5": 0.5128,
    "Recall@10": 0.68848,
    "Recall@100": 0.97724
  },
  "precision": {
    "P@1": 0.20341,
    "P@3": 0.133,
    "P@5": 0.10256,
    "P@10": 0.06885,
    "P@100": 0.00977
  }
}