{
  "ndcg": {
    "NDCG@1": 0.25605,
    "NDCG@3": 0.39434,
    "NDCG@5": 0.44876,
    "NDCG@10": 0.50188,
    "NDCG@100": 0.54534
  },
  "map": {
    "MAP@1": 0.25605,
    "MAP@3": 0.35965,
    "MAP@5": 0.38981,
    "MAP@10": 0.41172,
    "MAP@100": 0.4223
  },
  "recall": {
    "Recall@1": 0.25605,
    "Recall@3": 0.49502,
    "Recall@5": 0.62731,
    "Recall@10": 0.79161,
    "Recall@100": 0.97724
  },
  "precision": {
    "P@1": 0.25605,
    "P@3": 0.16501,
    "P@5": 0.12546,
    "P@10": 0.07916,
    "P@100": 0.00977
  }
}