{
  "ndcg": {
    "NDCG@1": 0.23186,
    "NDCG@3": 0.35849,
    "NDCG@5": 0.4023,
    "NDCG@10": 0.46499,
    "NDCG@100": 0.51835
  },
  "map": {
    "MAP@1": 0.23186,
    "MAP@3": 0.32622,
    "MAP@5": 0.35062,
    "MAP@10": 0.37697,
    "MAP@100": 0.38999
  },
  "recall": {
    "Recall@1": 0.23186,
    "Recall@3": 0.45235,
    "Recall@5": 0.55832,
    "Recall@10": 0.74964,
    "Recall@100": 0.97724
  },
  "precision": {
    "P@1": 0.23186,
    "P@3": 0.15078,
    "P@5": 0.11166,
    "P@10": 0.07496,
    "P@100": 0.00977
  }
}