{
  "ndcg": {
    "NDCG@1": 0.53667,
    "NDCG@3": 0.60638,
    "NDCG@5": 0.63294,
    "NDCG@10": 0.66168,
    "NDCG@100": 0.69219
  },
  "map": {
    "MAP@1": 0.51789,
    "MAP@3": 0.58045,
    "MAP@5": 0.59921,
    "MAP@10": 0.61312,
    "MAP@100": 0.62093
  },
  "recall": {
    "Recall@1": 0.51789,
    "Recall@3": 0.65339,
    "Recall@5": 0.71711,
    "Recall@10": 0.80011,
    "Recall@100": 0.92867
  },
  "precision": {
    "P@1": 0.53667,
    "P@3": 0.23667,
    "P@5": 0.15933,
    "P@10": 0.09033,
    "P@100": 0.0105
  }
}