{
  "ndcg": {
    "NDCG@1": 0.43667,
    "NDCG@3": 0.51543,
    "NDCG@5": 0.53544,
    "NDCG@10": 0.5597,
    "NDCG@100": 0.58389
  },
  "map": {
    "MAP@1": 0.42333,
    "MAP@3": 0.49134,
    "MAP@5": 0.50409,
    "MAP@10": 0.51473,
    "MAP@100": 0.52019
  },
  "recall": {
    "Recall@1": 0.42333,
    "Recall@3": 0.56944,
    "Recall@5": 0.61583,
    "Recall@10": 0.68617,
    "Recall@100": 0.79294
  },
  "precision": {
    "P@1": 0.43667,
    "P@3": 0.20333,
    "P@5": 0.13467,
    "P@10": 0.07633,
    "P@100": 0.0089
  }
}