{
  "ndcg": {
    "NDCG@1": 0.53667,
    "NDCG@3": 0.6136,
    "NDCG@5": 0.6415,
    "NDCG@10": 0.66423,
    "NDCG@100": 0.68732
  },
  "map": {
    "MAP@1": 0.51789,
    "MAP@3": 0.58712,
    "MAP@5": 0.60626,
    "MAP@10": 0.61727,
    "MAP@100": 0.62386
  },
  "recall": {
    "Recall@1": 0.51789,
    "Recall@3": 0.66339,
    "Recall@5": 0.73156,
    "Recall@10": 0.79633,
    "Recall@100": 0.88822
  },
  "precision": {
    "P@1": 0.53667,
    "P@3": 0.24111,
    "P@5": 0.16267,
    "P@10": 0.09,
    "P@100": 0.0101
  }
}