{
  "ndcg": {
    "NDCG@1": 0.57667,
    "NDCG@3": 0.64161,
    "NDCG@5": 0.66326,
    "NDCG@10": 0.6892,
    "NDCG@100": 0.71449
  },
  "map": {
    "MAP@1": 0.55028,
    "MAP@3": 0.61507,
    "MAP@5": 0.6304,
    "MAP@10": 0.64311,
    "MAP@100": 0.64926
  },
  "recall": {
    "Recall@1": 0.55028,
    "Recall@3": 0.68728,
    "Recall@5": 0.73889,
    "Recall@10": 0.81389,
    "Recall@100": 0.925
  },
  "precision": {
    "P@1": 0.57667,
    "P@3": 0.24889,
    "P@5": 0.164,
    "P@10": 0.09167,
    "P@100": 0.01053
  }
}