{
  "ndcg": {
    "NDCG@1": 0.55667,
    "NDCG@3": 0.61903,
    "NDCG@5": 0.63233,
    "NDCG@10": 0.65092,
    "NDCG@100": 0.66094
  },
  "map": {
    "MAP@1": 0.53361,
    "MAP@3": 0.59402,
    "MAP@5": 0.60452,
    "MAP@10": 0.61339,
    "MAP@100": 0.61579
  },
  "recall": {
    "Recall@1": 0.53361,
    "Recall@3": 0.66328,
    "Recall@5": 0.69506,
    "Recall@10": 0.74961,
    "Recall@100": 0.79294
  },
  "precision": {
    "P@1": 0.55667,
    "P@3": 0.23889,
    "P@5": 0.15333,
    "P@10": 0.084,
    "P@100": 0.0089
  }
}