{
  "ndcg": {
    "NDCG@1": 0.52667,
    "NDCG@3": 0.59089,
    "NDCG@5": 0.61035,
    "NDCG@10": 0.63906,
    "NDCG@100": 0.67522
  },
  "map": {
    "MAP@1": 0.50483,
    "MAP@3": 0.56821,
    "MAP@5": 0.5812,
    "MAP@10": 0.59439,
    "MAP@100": 0.60214
  },
  "recall": {
    "Recall@1": 0.50483,
    "Recall@3": 0.63344,
    "Recall@5": 0.68089,
    "Recall@10": 0.76544,
    "Recall@100": 0.92867
  },
  "precision": {
    "P@1": 0.52667,
    "P@3": 0.22778,
    "P@5": 0.14933,
    "P@10": 0.08567,
    "P@100": 0.0105
  }
}