{
  "ndcg": {
    "NDCG@1": 0.58,
    "NDCG@3": 0.64523,
    "NDCG@5": 0.66388,
    "NDCG@10": 0.68772,
    "NDCG@100": 0.70709
  },
  "map": {
    "MAP@1": 0.55361,
    "MAP@3": 0.61846,
    "MAP@5": 0.63159,
    "MAP@10": 0.64289,
    "MAP@100": 0.64808
  },
  "recall": {
    "Recall@1": 0.55361,
    "Recall@3": 0.69328,
    "Recall@5": 0.73822,
    "Recall@10": 0.80778,
    "Recall@100": 0.88822
  },
  "precision": {
    "P@1": 0.58,
    "P@3": 0.25,
    "P@5": 0.16333,
    "P@10": 0.09067,
    "P@100": 0.0101
  }
}