{
  "ndcg": {
    "NDCG@1": 0.57667,
    "NDCG@3": 0.64449,
    "NDCG@5": 0.66432,
    "NDCG@10": 0.68749,
    "NDCG@100": 0.71546
  },
  "map": {
    "MAP@1": 0.55194,
    "MAP@3": 0.61791,
    "MAP@5": 0.6322,
    "MAP@10": 0.64351,
    "MAP@100": 0.65027
  },
  "recall": {
    "Recall@1": 0.55194,
    "Recall@3": 0.69161,
    "Recall@5": 0.73822,
    "Recall@10": 0.80556,
    "Recall@100": 0.92867
  },
  "precision": {
    "P@1": 0.57667,
    "P@3": 0.24889,
    "P@5": 0.16333,
    "P@10": 0.09067,
    "P@100": 0.0105
  }
}