{
  "ndcg": {
    "NDCG@1": 0.45333,
    "NDCG@3": 0.52834,
    "NDCG@5": 0.55081,
    "NDCG@10": 0.58109,
    "NDCG@100": 0.6184
  },
  "map": {
    "MAP@1": 0.43011,
    "MAP@3": 0.50222,
    "MAP@5": 0.51581,
    "MAP@10": 0.52993,
    "MAP@100": 0.5388
  },
  "recall": {
    "Recall@1": 0.43011,
    "Recall@3": 0.57939,
    "Recall@5": 0.63661,
    "Recall@10": 0.7235,
    "Recall@100": 0.88822
  },
  "precision": {
    "P@1": 0.45333,
    "P@3": 0.21,
    "P@5": 0.13867,
    "P@10": 0.08067,
    "P@100": 0.0101
  }
}