{
  "ndcg": {
    "NDCG@1": 0.51,
    "NDCG@3": 0.57967,
    "NDCG@5": 0.61177,
    "NDCG@10": 0.62595,
    "NDCG@100": 0.63827
  },
  "map": {
    "MAP@1": 0.49122,
    "MAP@3": 0.55495,
    "MAP@5": 0.57578,
    "MAP@10": 0.58278,
    "MAP@100": 0.58651
  },
  "recall": {
    "Recall@1": 0.49122,
    "Recall@3": 0.62689,
    "Recall@5": 0.70561,
    "Recall@10": 0.74572,
    "Recall@100": 0.79294
  },
  "precision": {
    "P@1": 0.51,
    "P@3": 0.22556,
    "P@5": 0.15533,
    "P@10": 0.08333,
    "P@100": 0.0089
  }
}