{
  "ndcg": {
    "NDCG@1": 0.53333,
    "NDCG@3": 0.60348,
    "NDCG@5": 0.63004,
    "NDCG@10": 0.65781,
    "NDCG@100": 0.6879
  },
  "map": {
    "MAP@1": 0.51456,
    "MAP@3": 0.57768,
    "MAP@5": 0.59644,
    "MAP@10": 0.60999,
    "MAP@100": 0.61732
  },
  "recall": {
    "Recall@1": 0.51456,
    "Recall@3": 0.65006,
    "Recall@5": 0.71378,
    "Recall@10": 0.79344,
    "Recall@100": 0.925
  },
  "precision": {
    "P@1": 0.53333,
    "P@3": 0.23556,
    "P@5": 0.15867,
    "P@10": 0.08967,
    "P@100": 0.01053
  }
}