{
  "ndcg": {
    "NDCG@1": 0.37152,
    "NDCG@3": 0.34085,
    "NDCG@5": 0.31656,
    "NDCG@10": 0.29089,
    "NDCG@100": 0.25072
  },
  "map": {
    "MAP@1": 0.05412,
    "MAP@3": 0.08613,
    "MAP@5": 0.09726,
    "MAP@10": 0.11091,
    "MAP@100": 0.13169
  },
  "recall": {
    "Recall@1": 0.05412,
    "Recall@3": 0.09459,
    "Recall@5": 0.11373,
    "Recall@10": 0.1409,
    "Recall@100": 0.23414
  },
  "precision": {
    "P@1": 0.387,
    "P@3": 0.31992,
    "P@5": 0.27059,
    "P@10": 0.21238,
    "P@100": 0.05879
  }
}