{
  "ndcg": {
    "NDCG@1": 0.39474,
    "NDCG@3": 0.36355,
    "NDCG@5": 0.34164,
    "NDCG@10": 0.31594,
    "NDCG@100": 0.29455
  },
  "map": {
    "MAP@1": 0.04323,
    "MAP@3": 0.07722,
    "MAP@5": 0.09231,
    "MAP@10": 0.11048,
    "MAP@100": 0.14244
  },
  "recall": {
    "Recall@1": 0.04323,
    "Recall@3": 0.09053,
    "Recall@5": 0.11959,
    "Recall@10": 0.15499,
    "Recall@100": 0.31151
  },
  "precision": {
    "P@1": 0.41486,
    "P@3": 0.34881,
    "P@5": 0.30279,
    "P@10": 0.24334,
    "P@100": 0.07981
  }
}