{
  "ndcg": {
    "NDCG@1": 0.41486,
    "NDCG@3": 0.36,
    "NDCG@5": 0.33207,
    "NDCG@10": 0.30828,
    "NDCG@100": 0.29061
  },
  "map": {
    "MAP@1": 0.04683,
    "MAP@3": 0.08203,
    "MAP@5": 0.09368,
    "MAP@10": 0.10977,
    "MAP@100": 0.14111
  },
  "recall": {
    "Recall@1": 0.04683,
    "Recall@3": 0.09332,
    "Recall@5": 0.11131,
    "Recall@10": 0.14367,
    "Recall@100": 0.30175
  },
  "precision": {
    "P@1": 0.43653,
    "P@3": 0.34056,
    "P@5": 0.28545,
    "P@10": 0.23127,
    "P@100": 0.0765
  }
}