{
  "ndcg": {
    "NDCG@1": 0.47368,
    "NDCG@3": 0.41971,
    "NDCG@5": 0.38644,
    "NDCG@10": 0.34595,
    "NDCG@100": 0.31296
  },
  "map": {
    "MAP@1": 0.06265,
    "MAP@3": 0.10421,
    "MAP@5": 0.11709,
    "MAP@10": 0.13245,
    "MAP@100": 0.16338
  },
  "recall": {
    "Recall@1": 0.06265,
    "Recall@3": 0.11167,
    "Recall@5": 0.13297,
    "Recall@10": 0.15964,
    "Recall@100": 0.30175
  },
  "precision": {
    "P@1": 0.48916,
    "P@3": 0.39216,
    "P@5": 0.32632,
    "P@10": 0.24582,
    "P@100": 0.0765
  }
}