{
  "ndcg": {
    "NDCG@1": 0.37616,
    "NDCG@3": 0.32527,
    "NDCG@5": 0.29855,
    "NDCG@10": 0.2664,
    "NDCG@100": 0.22747
  },
  "map": {
    "MAP@1": 0.0443,
    "MAP@3": 0.07567,
    "MAP@5": 0.08527,
    "MAP@10": 0.09612,
    "MAP@100": 0.11311
  },
  "recall": {
    "Recall@1": 0.0443,
    "Recall@3": 0.08293,
    "Recall@5": 0.10102,
    "Recall@10": 0.12366,
    "Recall@100": 0.21104
  },
  "precision": {
    "P@1": 0.39009,
    "P@3": 0.30444,
    "P@5": 0.25511,
    "P@10": 0.19164,
    "P@100": 0.05276
  }
}