{
  "ndcg": {
    "NDCG@1": 0.45666,
    "NDCG@3": 0.39084,
    "NDCG@5": 0.35766,
    "NDCG@10": 0.31322,
    "NDCG@100": 0.25216
  },
  "map": {
    "MAP@1": 0.05565,
    "MAP@3": 0.0929,
    "MAP@5": 0.10432,
    "MAP@10": 0.11699,
    "MAP@100": 0.13436
  },
  "recall": {
    "Recall@1": 0.05565,
    "Recall@3": 0.09944,
    "Recall@5": 0.11797,
    "Recall@10": 0.13795,
    "Recall@100": 0.21104
  },
  "precision": {
    "P@1": 0.47368,
    "P@3": 0.36636,
    "P@5": 0.30279,
    "P@10": 0.22012,
    "P@100": 0.05276
  }
}