{
  "ndcg": {
    "NDCG@1": 0.40402,
    "NDCG@3": 0.37892,
    "NDCG@5": 0.36144,
    "NDCG@10": 0.33596,
    "NDCG@100": 0.30709
  },
  "map": {
    "MAP@1": 0.04958,
    "MAP@3": 0.08488,
    "MAP@5": 0.10117,
    "MAP@10": 0.12115,
    "MAP@100": 0.15535
  },
  "recall": {
    "Recall@1": 0.04958,
    "Recall@3": 0.09822,
    "Recall@5": 0.12452,
    "Recall@10": 0.16703,
    "Recall@100": 0.31151
  },
  "precision": {
    "P@1": 0.41796,
    "P@3": 0.36429,
    "P@5": 0.32322,
    "P@10": 0.2582,
    "P@100": 0.07981
  }
}