{
  "ndcg": {
    "NDCG@1": 0.40712,
    "NDCG@3": 0.36272,
    "NDCG@5": 0.3336,
    "NDCG@10": 0.30566,
    "NDCG@100": 0.24354
  },
  "map": {
    "MAP@1": 0.04795,
    "MAP@3": 0.07997,
    "MAP@5": 0.09241,
    "MAP@10": 0.1079,
    "MAP@100": 0.12619
  },
  "recall": {
    "Recall@1": 0.04795,
    "Recall@3": 0.09001,
    "Recall@5": 0.11013,
    "Recall@10": 0.14098,
    "Recall@100": 0.21104
  },
  "precision": {
    "P@1": 0.42415,
    "P@3": 0.34675,
    "P@5": 0.2904,
    "P@10": 0.2291,
    "P@100": 0.05276
  }
}