{
  "ndcg": {
    "NDCG@1": 0.47678,
    "NDCG@3": 0.41676,
    "NDCG@5": 0.37995,
    "NDCG@10": 0.34123,
    "NDCG@100": 0.31414
  },
  "map": {
    "MAP@1": 0.06173,
    "MAP@3": 0.10222,
    "MAP@5": 0.11466,
    "MAP@10": 0.13014,
    "MAP@100": 0.16231
  },
  "recall": {
    "Recall@1": 0.06173,
    "Recall@3": 0.10882,
    "Recall@5": 0.12935,
    "Recall@10": 0.15704,
    "Recall@100": 0.31151
  },
  "precision": {
    "P@1": 0.49536,
    "P@3": 0.38803,
    "P@5": 0.31765,
    "P@10": 0.24272,
    "P@100": 0.07981
  }
}