{
  "ndcg": {
    "NDCG@1": 0.40712,
    "NDCG@3": 0.38346,
    "NDCG@5": 0.36427,
    "NDCG@10": 0.34052,
    "NDCG@100": 0.30454
  },
  "map": {
    "MAP@1": 0.04966,
    "MAP@3": 0.08499,
    "MAP@5": 0.10161,
    "MAP@10": 0.12248,
    "MAP@100": 0.15519
  },
  "recall": {
    "Recall@1": 0.04966,
    "Recall@3": 0.0983,
    "Recall@5": 0.12629,
    "Recall@10": 0.17149,
    "Recall@100": 0.30175
  },
  "precision": {
    "P@1": 0.42105,
    "P@3": 0.36842,
    "P@5": 0.32508,
    "P@10": 0.2613,
    "P@100": 0.0765
  }
}