{
  "ndcg": {
    "NDCG@1": 0.41486,
    "NDCG@3": 0.37843,
    "NDCG@5": 0.35082,
    "NDCG@10": 0.3232,
    "NDCG@100": 0.26395
  },
  "map": {
    "MAP@1": 0.05301,
    "MAP@3": 0.09002,
    "MAP@5": 0.10227,
    "MAP@10": 0.11905,
    "MAP@100": 0.14029
  },
  "recall": {
    "Recall@1": 0.05301,
    "Recall@3": 0.10111,
    "Recall@5": 0.119,
    "Recall@10": 0.15221,
    "Recall@100": 0.23414
  },
  "precision": {
    "P@1": 0.43034,
    "P@3": 0.36017,
    "P@5": 0.30464,
    "P@10": 0.24118,
    "P@100": 0.05879
  }
}