{
  "ndcg": {
    "NDCG@1": 0.47833,
    "NDCG@3": 0.41476,
    "NDCG@5": 0.38174,
    "NDCG@10": 0.33918,
    "NDCG@100": 0.27707
  },
  "map": {
    "MAP@1": 0.06642,
    "MAP@3": 0.10646,
    "MAP@5": 0.11888,
    "MAP@10": 0.13207,
    "MAP@100": 0.15286
  },
  "recall": {
    "Recall@1": 0.06642,
    "Recall@3": 0.11335,
    "Recall@5": 0.13319,
    "Recall@10": 0.15445,
    "Recall@100": 0.23414
  },
  "precision": {
    "P@1": 0.49536,
    "P@3": 0.3839,
    "P@5": 0.31827,
    "P@10": 0.23622,
    "P@100": 0.05879
  }
}