{
  "ndcg": {
    "NDCG@1": 0.35494,
    "NDCG@3": 0.34013,
    "NDCG@5": 0.35416,
    "NDCG@10": 0.38003,
    "NDCG@100": 0.44747
  },
  "map": {
    "MAP@1": 0.18285,
    "MAP@3": 0.26005,
    "MAP@5": 0.28347,
    "MAP@10": 0.30175,
    "MAP@100": 0.31949
  },
  "recall": {
    "Recall@1": 0.18285,
    "Recall@3": 0.3167,
    "Recall@5": 0.37703,
    "Recall@10": 0.45671,
    "Recall@100": 0.70606
  },
  "precision": {
    "P@1": 0.35494,
    "P@3": 0.22891,
    "P@5": 0.17006,
    "P@10": 0.10694,
    "P@100": 0.01778
  }
}