{
  "ndcg": {
    "NDCG@1": 0.42593,
    "NDCG@3": 0.37111,
    "NDCG@5": 0.37048,
    "NDCG@10": 0.37938,
    "NDCG@100": 0.39261
  },
  "map": {
    "MAP@1": 0.20933,
    "MAP@3": 0.2867,
    "MAP@5": 0.30278,
    "MAP@10": 0.31306,
    "MAP@100": 0.31784
  },
  "recall": {
    "Recall@1": 0.20933,
    "Recall@3": 0.32919,
    "Recall@5": 0.36636,
    "Recall@10": 0.40669,
    "Recall@100": 0.45154
  },
  "precision": {
    "P@1": 0.42593,
    "P@3": 0.24537,
    "P@5": 0.17006,
    "P@10": 0.09676,
    "P@100": 0.01099
  }
}