{
  "ndcg": {
    "NDCG@1": 0.27623,
    "NDCG@3": 0.24184,
    "NDCG@5": 0.25035,
    "NDCG@10": 0.25971,
    "NDCG@100": 0.27747
  },
  "map": {
    "MAP@1": 0.13768,
    "MAP@3": 0.18257,
    "MAP@5": 0.19644,
    "MAP@10": 0.20332,
    "MAP@100": 0.20812
  },
  "recall": {
    "Recall@1": 0.13768,
    "Recall@3": 0.22017,
    "Recall@5": 0.26285,
    "Recall@10": 0.29608,
    "Recall@100": 0.35899
  },
  "precision": {
    "P@1": 0.27623,
    "P@3": 0.15432,
    "P@5": 0.11296,
    "P@10": 0.06574,
    "P@100": 0.00832
  }
}