{
  "ndcg": {
    "NDCG@1": 0.28241,
    "NDCG@3": 0.25078,
    "NDCG@5": 0.25814,
    "NDCG@10": 0.29378,
    "NDCG@100": 0.37762
  },
  "map": {
    "MAP@1": 0.13991,
    "MAP@3": 0.18669,
    "MAP@5": 0.19886,
    "MAP@10": 0.21859,
    "MAP@100": 0.24093
  },
  "recall": {
    "Recall@1": 0.13991,
    "Recall@3": 0.22855,
    "Recall@5": 0.26836,
    "Recall@10": 0.37134,
    "Recall@100": 0.67979
  },
  "precision": {
    "P@1": 0.28241,
    "P@3": 0.16409,
    "P@5": 0.11975,
    "P@10": 0.08395,
    "P@100": 0.01668
  }
}