{
  "ndcg": {
    "NDCG@1": 0.34722,
    "NDCG@3": 0.3318,
    "NDCG@5": 0.34504,
    "NDCG@10": 0.36867,
    "NDCG@100": 0.43931
  },
  "map": {
    "MAP@1": 0.1714,
    "MAP@3": 0.25188,
    "MAP@5": 0.27507,
    "MAP@10": 0.29141,
    "MAP@100": 0.30956
  },
  "recall": {
    "Recall@1": 0.1714,
    "Recall@3": 0.30536,
    "Recall@5": 0.36706,
    "Recall@10": 0.44131,
    "Recall@100": 0.70606
  },
  "precision": {
    "P@1": 0.34722,
    "P@3": 0.22377,
    "P@5": 0.16759,
    "P@10": 0.10448,
    "P@100": 0.01778
  }
}