{
  "ndcg": {
    "NDCG@1": 0.35802,
    "NDCG@3": 0.3009,
    "NDCG@5": 0.30316,
    "NDCG@10": 0.31098,
    "NDCG@100": 0.31871
  },
  "map": {
    "MAP@1": 0.18285,
    "MAP@3": 0.23312,
    "MAP@5": 0.24584,
    "MAP@10": 0.25375,
    "MAP@100": 0.25637
  },
  "recall": {
    "Recall@1": 0.18285,
    "Recall@3": 0.26246,
    "Recall@5": 0.299,
    "Recall@10": 0.33099,
    "Recall@100": 0.35899
  },
  "precision": {
    "P@1": 0.35802,
    "P@3": 0.1893,
    "P@5": 0.13148,
    "P@10": 0.07593,
    "P@100": 0.00832
  }
}