{
  "ndcg": {
    "NDCG@1": 0.31327,
    "NDCG@3": 0.28887,
    "NDCG@5": 0.29619,
    "NDCG@10": 0.30849,
    "NDCG@100": 0.33637
  },
  "map": {
    "MAP@1": 0.15478,
    "MAP@3": 0.21845,
    "MAP@5": 0.23551,
    "MAP@10": 0.24644,
    "MAP@100": 0.2538
  },
  "recall": {
    "Recall@1": 0.15478,
    "Recall@3": 0.26242,
    "Recall@5": 0.30849,
    "Recall@10": 0.35315,
    "Recall@100": 0.45154
  },
  "precision": {
    "P@1": 0.31327,
    "P@3": 0.19342,
    "P@5": 0.14105,
    "P@10": 0.08272,
    "P@100": 0.01099
  }
}