{
  "ndcg": {
    "NDCG@1": 0.48457,
    "NDCG@3": 0.44779,
    "NDCG@5": 0.45964,
    "NDCG@10": 0.48563,
    "NDCG@100": 0.52881
  },
  "map": {
    "MAP@1": 0.24056,
    "MAP@3": 0.35278,
    "MAP@5": 0.37891,
    "MAP@10": 0.40114,
    "MAP@100": 0.4155
  },
  "recall": {
    "Recall@1": 0.24056,
    "Recall@3": 0.40862,
    "Recall@5": 0.47565,
    "Recall@10": 0.55758,
    "Recall@100": 0.70606
  },
  "precision": {
    "P@1": 0.48457,
    "P@3": 0.30195,
    "P@5": 0.21852,
    "P@10": 0.1338,
    "P@100": 0.01778
  }
}