{
  "ndcg": {
    "NDCG@1": 0.34414,
    "NDCG@3": 0.33248,
    "NDCG@5": 0.35092,
    "NDCG@10": 0.37286,
    "NDCG@100": 0.43523
  },
  "map": {
    "MAP@1": 0.17486,
    "MAP@3": 0.25305,
    "MAP@5": 0.27911,
    "MAP@10": 0.29505,
    "MAP@100": 0.31183
  },
  "recall": {
    "Recall@1": 0.17486,
    "Recall@3": 0.3115,
    "Recall@5": 0.38063,
    "Recall@10": 0.44907,
    "Recall@100": 0.67979
  },
  "precision": {
    "P@1": 0.34414,
    "P@3": 0.22274,
    "P@5": 0.16944,
    "P@10": 0.10417,
    "P@100": 0.01668
  }
}