{
  "ndcg": {
    "NDCG@1": 0.14198,
    "NDCG@3": 0.13456,
    "NDCG@5": 0.14462,
    "NDCG@10": 0.15906,
    "NDCG@100": 0.19821
  },
  "map": {
    "MAP@1": 0.07256,
    "MAP@3": 0.09934,
    "MAP@5": 0.10884,
    "MAP@10": 0.11632,
    "MAP@100": 0.12386
  },
  "recall": {
    "Recall@1": 0.07256,
    "Recall@3": 0.12695,
    "Recall@5": 0.16026,
    "Recall@10": 0.20372,
    "Recall@100": 0.35899
  },
  "precision": {
    "P@1": 0.14198,
    "P@3": 0.08899,
    "P@5": 0.0679,
    "P@10": 0.0446,
    "P@100": 0.00832
  }
}