{
  "ndcg": {
    "NDCG@1": 0.49383,
    "NDCG@3": 0.45434,
    "NDCG@5": 0.46309,
    "NDCG@10": 0.48997,
    "NDCG@100": 0.52514
  },
  "map": {
    "MAP@1": 0.24627,
    "MAP@3": 0.35839,
    "MAP@5": 0.38336,
    "MAP@10": 0.40596,
    "MAP@100": 0.41796
  },
  "recall": {
    "Recall@1": 0.24627,
    "Recall@3": 0.41513,
    "Recall@5": 0.47472,
    "Recall@10": 0.55794,
    "Recall@100": 0.67979
  },
  "precision": {
    "P@1": 0.49383,
    "P@3": 0.30504,
    "P@5": 0.21914,
    "P@10": 0.1341,
    "P@100": 0.01668
  }
}