{
  "ndcg": {
    "NDCG@1": 0.12654,
    "NDCG@3": 0.13325,
    "NDCG@5": 0.1398,
    "NDCG@10": 0.15528,
    "NDCG@100": 0.21888
  },
  "map": {
    "MAP@1": 0.06134,
    "MAP@3": 0.09477,
    "MAP@5": 0.10316,
    "MAP@10": 0.11143,
    "MAP@100": 0.12447
  },
  "recall": {
    "Recall@1": 0.06134,
    "Recall@3": 0.12717,
    "Recall@5": 0.15474,
    "Recall@10": 0.19854,
    "Recall@100": 0.45154
  },
  "precision": {
    "P@1": 0.12654,
    "P@3": 0.09516,
    "P@5": 0.07099,
    "P@10": 0.04738,
    "P@100": 0.01099
  }
}