{
  "ndcg": {
    "NDCG@1": 0.41625,
    "NDCG@3": 0.36172,
    "NDCG@5": 0.35157,
    "NDCG@10": 0.33667,
    "NDCG@100": 0.37096
  },
  "map": {
    "MAP@1": 0.06977,
    "MAP@3": 0.10646,
    "MAP@5": 0.12772,
    "MAP@10": 0.15231,
    "MAP@100": 0.21096
  },
  "recall": {
    "Recall@1": 0.06977,
    "Recall@3": 0.12156,
    "Recall@5": 0.16218,
    "Recall@10": 0.21439,
    "Recall@100": 0.43273
  },
  "precision": {
    "P@1": 0.52,
    "P@3": 0.39167,
    "P@5": 0.347,
    "P@10": 0.27325,
    "P@100": 0.0824
  }
}