{
  "ndcg": {
    "NDCG@1": 0.55,
    "NDCG@3": 0.48136,
    "NDCG@5": 0.45263,
    "NDCG@10": 0.42828,
    "NDCG@100": 0.42322
  },
  "map": {
    "MAP@1": 0.08627,
    "MAP@3": 0.14301,
    "MAP@5": 0.166,
    "MAP@10": 0.20024,
    "MAP@100": 0.26651
  },
  "recall": {
    "Recall@1": 0.08627,
    "Recall@3": 0.15869,
    "Recall@5": 0.19409,
    "Recall@10": 0.25007,
    "Recall@100": 0.43273
  },
  "precision": {
    "P@1": 0.6575,
    "P@3": 0.51917,
    "P@5": 0.4425,
    "P@10": 0.3475,
    "P@100": 0.0824
  }
}