{
  "ndcg": {
    "NDCG@1": 0.365,
    "NDCG@3": 0.32602,
    "NDCG@5": 0.30982,
    "NDCG@10": 0.30522,
    "NDCG@100": 0.36185
  },
  "map": {
    "MAP@1": 0.06022,
    "MAP@3": 0.09717,
    "MAP@5": 0.11205,
    "MAP@10": 0.1366,
    "MAP@100": 0.19849
  },
  "recall": {
    "Recall@1": 0.06022,
    "Recall@3": 0.11511,
    "Recall@5": 0.1428,
    "Recall@10": 0.20133,
    "Recall@100": 0.45687
  },
  "precision": {
    "P@1": 0.48,
    "P@3": 0.37917,
    "P@5": 0.319,
    "P@10": 0.25625,
    "P@100": 0.0829
  }
}