{
  "ndcg": {
    "NDCG@1": 0.42375,
    "NDCG@3": 0.35006,
    "NDCG@5": 0.3335,
    "NDCG@10": 0.3233,
    "NDCG@100": 0.3637
  },
  "map": {
    "MAP@1": 0.07172,
    "MAP@3": 0.1045,
    "MAP@5": 0.12135,
    "MAP@10": 0.14507,
    "MAP@100": 0.20094
  },
  "recall": {
    "Recall@1": 0.07172,
    "Recall@3": 0.11521,
    "Recall@5": 0.14667,
    "Recall@10": 0.19922,
    "Recall@100": 0.43273
  },
  "precision": {
    "P@1": 0.545,
    "P@3": 0.38667,
    "P@5": 0.33,
    "P@10": 0.26425,
    "P@100": 0.0824
  }
}