{
  "ndcg": {
    "NDCG@1": 0.51875,
    "NDCG@3": 0.42422,
    "NDCG@5": 0.39163,
    "NDCG@10": 0.36775,
    "NDCG@100": 0.33839
  },
  "map": {
    "MAP@1": 0.07776,
    "MAP@3": 0.12625,
    "MAP@5": 0.14843,
    "MAP@10": 0.17829,
    "MAP@100": 0.22043
  },
  "recall": {
    "Recall@1": 0.07776,
    "Recall@3": 0.13746,
    "Recall@5": 0.17147,
    "Recall@10": 0.22208,
    "Recall@100": 0.32409
  },
  "precision": {
    "P@1": 0.6375,
    "P@3": 0.4675,
    "P@5": 0.387,
    "P@10": 0.29625,
    "P@100": 0.05617
  }
}