{
  "ndcg": {
    "NDCG@1": 0.41,
    "NDCG@3": 0.34613,
    "NDCG@5": 0.31616,
    "NDCG@10": 0.2991,
    "NDCG@100": 0.30202
  },
  "map": {
    "MAP@1": 0.0655,
    "MAP@3": 0.10252,
    "MAP@5": 0.11659,
    "MAP@10": 0.13865,
    "MAP@100": 0.17965
  },
  "recall": {
    "Recall@1": 0.0655,
    "Recall@3": 0.11547,
    "Recall@5": 0.13852,
    "Recall@10": 0.18564,
    "Recall@100": 0.32409
  },
  "precision": {
    "P@1": 0.5375,
    "P@3": 0.39167,
    "P@5": 0.313,
    "P@10": 0.24,
    "P@100": 0.05617
  }
}