{
  "ndcg": {
    "NDCG@1": 0.48,
    "NDCG@3": 0.40936,
    "NDCG@5": 0.37447,
    "NDCG@10": 0.3508,
    "NDCG@100": 0.31595
  },
  "map": {
    "MAP@1": 0.06859,
    "MAP@3": 0.1136,
    "MAP@5": 0.1316,
    "MAP@10": 0.15874,
    "MAP@100": 0.19851
  },
  "recall": {
    "Recall@1": 0.06859,
    "Recall@3": 0.12453,
    "Recall@5": 0.15042,
    "Recall@10": 0.19861,
    "Recall@100": 0.29755
  },
  "precision": {
    "P@1": 0.5825,
    "P@3": 0.45,
    "P@5": 0.366,
    "P@10": 0.28275,
    "P@100": 0.05397
  }
}