{
  "ndcg": {
    "NDCG@1": 0.3675,
    "NDCG@3": 0.32618,
    "NDCG@5": 0.30545,
    "NDCG@10": 0.28214,
    "NDCG@100": 0.2815
  },
  "map": {
    "MAP@1": 0.05887,
    "MAP@3": 0.0923,
    "MAP@5": 0.10716,
    "MAP@10": 0.12505,
    "MAP@100": 0.1632
  },
  "recall": {
    "Recall@1": 0.05887,
    "Recall@3": 0.10434,
    "Recall@5": 0.12966,
    "Recall@10": 0.16488,
    "Recall@100": 0.29755
  },
  "precision": {
    "P@1": 0.475,
    "P@3": 0.3675,
    "P@5": 0.31,
    "P@10": 0.23025,
    "P@100": 0.05397
  }
}