{
  "ndcg": {
    "NDCG@1": 0.24,
    "NDCG@3": 0.20423,
    "NDCG@5": 0.19889,
    "NDCG@10": 0.19965,
    "NDCG@100": 0.24144
  },
  "map": {
    "MAP@1": 0.04144,
    "MAP@3": 0.06137,
    "MAP@5": 0.07286,
    "MAP@10": 0.0885,
    "MAP@100": 0.12534
  },
  "recall": {
    "Recall@1": 0.04144,
    "Recall@3": 0.07044,
    "Recall@5": 0.0945,
    "Recall@10": 0.13405,
    "Recall@100": 0.32409
  },
  "precision": {
    "P@1": 0.3325,
    "P@3": 0.24083,
    "P@5": 0.2105,
    "P@10": 0.172,
    "P@100": 0.05617
  }
}