{
  "ndcg": {
    "NDCG@1": 0.55875,
    "NDCG@3": 0.49552,
    "NDCG@5": 0.46652,
    "NDCG@10": 0.45055,
    "NDCG@100": 0.44028
  },
  "map": {
    "MAP@1": 0.08658,
    "MAP@3": 0.14814,
    "MAP@5": 0.17347,
    "MAP@10": 0.21335,
    "MAP@100": 0.28285
  },
  "recall": {
    "Recall@1": 0.08658,
    "Recall@3": 0.16514,
    "Recall@5": 0.20226,
    "Recall@10": 0.27372,
    "Recall@100": 0.45687
  },
  "precision": {
    "P@1": 0.665,
    "P@3": 0.53667,
    "P@5": 0.4565,
    "P@10": 0.37125,
    "P@100": 0.0829
  }
}