{
  "ndcg": {
    "NDCG@1": 0.415,
    "NDCG@3": 0.36825,
    "NDCG@5": 0.35605,
    "NDCG@10": 0.34299,
    "NDCG@100": 0.38197
  },
  "map": {
    "MAP@1": 0.06986,
    "MAP@3": 0.10922,
    "MAP@5": 0.13112,
    "MAP@10": 0.1565,
    "MAP@100": 0.21929
  },
  "recall": {
    "Recall@1": 0.06986,
    "Recall@3": 0.12511,
    "Recall@5": 0.16679,
    "Recall@10": 0.22024,
    "Recall@100": 0.45687
  },
  "precision": {
    "P@1": 0.52,
    "P@3": 0.40083,
    "P@5": 0.3525,
    "P@10": 0.27975,
    "P@100": 0.0829
  }
}