{
  "ndcg": {
    "NDCG@1": 0.245,
    "NDCG@3": 0.2233,
    "NDCG@5": 0.21646,
    "NDCG@10": 0.21379,
    "NDCG@100": 0.24408
  },
  "map": {
    "MAP@1": 0.04367,
    "MAP@3": 0.0696,
    "MAP@5": 0.08193,
    "MAP@10": 0.09777,
    "MAP@100": 0.13476
  },
  "recall": {
    "Recall@1": 0.04367,
    "Recall@3": 0.08398,
    "Recall@5": 0.10614,
    "Recall@10": 0.14131,
    "Recall@100": 0.29755
  },
  "precision": {
    "P@1": 0.325,
    "P@3": 0.26667,
    "P@5": 0.229,
    "P@10": 0.1815,
    "P@100": 0.05397
  }
}