{
  "ndcg": {
    "NDCG@1": 0.256,
    "NDCG@3": 0.2193,
    "NDCG@5": 0.19339,
    "NDCG@10": 0.23794,
    "NDCG@100": 0.32642
  },
  "map": {
    "MAP@1": 0.05212,
    "MAP@3": 0.09973,
    "MAP@5": 0.12099,
    "MAP@10": 0.14453,
    "MAP@100": 0.17065
  },
  "recall": {
    "Recall@1": 0.05212,
    "Recall@3": 0.12712,
    "Recall@5": 0.17532,
    "Recall@10": 0.25687,
    "Recall@100": 0.51012
  },
  "precision": {
    "P@1": 0.256,
    "P@3": 0.20867,
    "P@5": 0.1728,
    "P@10": 0.1268,
    "P@100": 0.02516
  }
}