{
  "ndcg": {
    "NDCG@1": 0.173,
    "NDCG@3": 0.13323,
    "NDCG@5": 0.11505,
    "NDCG@10": 0.13662,
    "NDCG@100": 0.19535
  },
  "map": {
    "MAP@1": 0.03525,
    "MAP@3": 0.05915,
    "MAP@5": 0.06947,
    "MAP@10": 0.07911,
    "MAP@100": 0.09238
  },
  "recall": {
    "Recall@1": 0.03525,
    "Recall@3": 0.07438,
    "Recall@5": 0.10033,
    "Recall@10": 0.1401,
    "Recall@100": 0.31227
  },
  "precision": {
    "P@1": 0.173,
    "P@3": 0.122,
    "P@5": 0.0988,
    "P@10": 0.0689,
    "P@100": 0.01536
  }
}