{
  "ndcg": {
    "NDCG@1": 0.24,
    "NDCG@3": 0.20284,
    "NDCG@5": 0.17737,
    "NDCG@10": 0.21641,
    "NDCG@100": 0.31212
  },
  "map": {
    "MAP@1": 0.04853,
    "MAP@3": 0.09135,
    "MAP@5": 0.11004,
    "MAP@10": 0.12938,
    "MAP@100": 0.15588
  },
  "recall": {
    "Recall@1": 0.04853,
    "Recall@3": 0.11658,
    "Recall@5": 0.15923,
    "Recall@10": 0.23087,
    "Recall@100": 0.51012
  },
  "precision": {
    "P@1": 0.24,
    "P@3": 0.19167,
    "P@5": 0.1572,
    "P@10": 0.114,
    "P@100": 0.02516
  }
}