{
  "ndcg": {
    "NDCG@1": 0.158,
    "NDCG@3": 0.12827,
    "NDCG@5": 0.1147,
    "NDCG@10": 0.13674,
    "NDCG@100": 0.20062
  },
  "map": {
    "MAP@1": 0.03223,
    "MAP@3": 0.05591,
    "MAP@5": 0.06743,
    "MAP@10": 0.07724,
    "MAP@100": 0.09196
  },
  "recall": {
    "Recall@1": 0.03223,
    "Recall@3": 0.07243,
    "Recall@5": 0.10303,
    "Recall@10": 0.14348,
    "Recall@100": 0.3319
  },
  "precision": {
    "P@1": 0.158,
    "P@3": 0.119,
    "P@5": 0.1016,
    "P@10": 0.0707,
    "P@100": 0.01634
  }
}