{
  "ndcg": {
    "NDCG@1": 0.242,
    "NDCG@3": 0.20578,
    "NDCG@5": 0.17897,
    "NDCG@10": 0.2126,
    "NDCG@100": 0.25366
  },
  "map": {
    "MAP@1": 0.04932,
    "MAP@3": 0.09385,
    "MAP@5": 0.11227,
    "MAP@10": 0.12959,
    "MAP@100": 0.14214
  },
  "recall": {
    "Recall@1": 0.04932,
    "Recall@3": 0.11892,
    "Recall@5": 0.16057,
    "Recall@10": 0.2218,
    "Recall@100": 0.3319
  },
  "precision": {
    "P@1": 0.242,
    "P@3": 0.195,
    "P@5": 0.1582,
    "P@10": 0.1094,
    "P@100": 0.01634
  }
}