{
  "ndcg": {
    "NDCG@1": 0.255,
    "NDCG@3": 0.21961,
    "NDCG@5": 0.19412,
    "NDCG@10": 0.23828,
    "NDCG@100": 0.31591
  },
  "map": {
    "MAP@1": 0.05192,
    "MAP@3": 0.09995,
    "MAP@5": 0.12142,
    "MAP@10": 0.14481,
    "MAP@100": 0.16909
  },
  "recall": {
    "Recall@1": 0.05192,
    "Recall@3": 0.12737,
    "Recall@5": 0.17622,
    "Recall@10": 0.25692,
    "Recall@100": 0.47185
  },
  "precision": {
    "P@1": 0.255,
    "P@3": 0.209,
    "P@5": 0.1736,
    "P@10": 0.1268,
    "P@100": 0.02325
  }
}