{
  "ndcg": {
    "NDCG@1": 0.203,
    "NDCG@3": 0.15606,
    "NDCG@5": 0.13544,
    "NDCG@10": 0.16442,
    "NDCG@100": 0.22046
  },
  "map": {
    "MAP@1": 0.04128,
    "MAP@3": 0.06997,
    "MAP@5": 0.08264,
    "MAP@10": 0.09636,
    "MAP@100": 0.11021
  },
  "recall": {
    "Recall@1": 0.04128,
    "Recall@3": 0.08672,
    "Recall@5": 0.11767,
    "Recall@10": 0.17107,
    "Recall@100": 0.3319
  },
  "precision": {
    "P@1": 0.203,
    "P@3": 0.14233,
    "P@5": 0.116,
    "P@10": 0.0844,
    "P@100": 0.01634
  }
}