{
  "ndcg": {
    "NDCG@1": 0.207,
    "NDCG@3": 0.16606,
    "NDCG@5": 0.14512,
    "NDCG@10": 0.17981,
    "NDCG@100": 0.28584
  },
  "map": {
    "MAP@1": 0.04208,
    "MAP@3": 0.07386,
    "MAP@5": 0.08798,
    "MAP@10": 0.10466,
    "MAP@100": 0.13032
  },
  "recall": {
    "Recall@1": 0.04208,
    "Recall@3": 0.09388,
    "Recall@5": 0.12842,
    "Recall@10": 0.19252,
    "Recall@100": 0.51012
  },
  "precision": {
    "P@1": 0.207,
    "P@3": 0.15433,
    "P@5": 0.1266,
    "P@10": 0.095,
    "P@100": 0.02516
  }
}