{
  "ndcg": {
    "NDCG@1": 0.2,
    "NDCG@3": 0.15436,
    "NDCG@5": 0.1337,
    "NDCG@10": 0.15998,
    "NDCG@100": 0.21204
  },
  "map": {
    "MAP@1": 0.04068,
    "MAP@3": 0.06886,
    "MAP@5": 0.08086,
    "MAP@10": 0.09336,
    "MAP@100": 0.10648
  },
  "recall": {
    "Recall@1": 0.04068,
    "Recall@3": 0.08558,
    "Recall@5": 0.11587,
    "Recall@10": 0.1644,
    "Recall@100": 0.31227
  },
  "precision": {
    "P@1": 0.2,
    "P@3": 0.14067,
    "P@5": 0.1142,
    "P@10": 0.081,
    "P@100": 0.01536
  }
}