{
  "ndcg": {
    "NDCG@1": 0.205,
    "NDCG@3": 0.16112,
    "NDCG@5": 0.14094,
    "NDCG@10": 0.17242,
    "NDCG@100": 0.26832
  },
  "map": {
    "MAP@1": 0.04168,
    "MAP@3": 0.07164,
    "MAP@5": 0.08539,
    "MAP@10": 0.1003,
    "MAP@100": 0.12293
  },
  "recall": {
    "Recall@1": 0.04168,
    "Recall@3": 0.09023,
    "Recall@5": 0.12397,
    "Recall@10": 0.18227,
    "Recall@100": 0.47185
  },
  "precision": {
    "P@1": 0.205,
    "P@3": 0.14833,
    "P@5": 0.1222,
    "P@10": 0.0899,
    "P@100": 0.02325
  }
}