{
  "ndcg": {
    "NDCG@1": 0.219,
    "NDCG@3": 0.1771,
    "NDCG@5": 0.15779,
    "NDCG@10": 0.18919,
    "NDCG@100": 0.28144
  },
  "map": {
    "MAP@1": 0.04463,
    "MAP@3": 0.07893,
    "MAP@5": 0.09611,
    "MAP@10": 0.11129,
    "MAP@100": 0.13454
  },
  "recall": {
    "Recall@1": 0.04463,
    "Recall@3": 0.10083,
    "Recall@5": 0.14222,
    "Recall@10": 0.19985,
    "Recall@100": 0.47185
  },
  "precision": {
    "P@1": 0.219,
    "P@3": 0.16567,
    "P@5": 0.14,
    "P@10": 0.0985,
    "P@100": 0.02325
  }
}