{
  "ndcg": {
    "NDCG@1": 0.24,
    "NDCG@3": 0.20084,
    "NDCG@5": 0.17465,
    "NDCG@10": 0.20589,
    "NDCG@100": 0.24319
  },
  "map": {
    "MAP@1": 0.04897,
    "MAP@3": 0.0913,
    "MAP@5": 0.10925,
    "MAP@10": 0.125,
    "MAP@100": 0.13658
  },
  "recall": {
    "Recall@1": 0.04897,
    "Recall@3": 0.11522,
    "Recall@5": 0.15557,
    "Recall@10": 0.21303,
    "Recall@100": 0.31227
  },
  "precision": {
    "P@1": 0.24,
    "P@3": 0.189,
    "P@5": 0.1532,
    "P@10": 0.1049,
    "P@100": 0.01536
  }
}